{
    "Compatibility": "Compatible",
    "Contributors": { "Developer": [ "M0xes" ] },
    "DefuserDifficulty": "Easy",
    "Description": "Forced to gamble unless told otherwise. Tags: slots, needy, grey-background, one-button",
    "ExpertDifficulty": "Easy",
    "ModuleID": "needySlots",
    "Name": "Needy Slots",
    "Origin": "Mods",
    "Published": "2025-01-30",
    "SortKey": "NEEDYSLOTS",
    "SourceUrl": "https://github.com/M0x3s/Needy-Slots",
    "SteamID": "3417537508",
    "Symbol": "Ns",
    "Type": "Needy"
  }